id,date,occasion_mr,occasion_en,tone,line_small,line_big,line_end,image_hint,lead_days,notes,layout
gandhi-jayanti-2026,2026-10-02,गांधी जयंती,Gandhi Jayanti,tribute,सत्य आणि अहिंसेच्या मार्गाने|देशाला स्वातंत्र्य मिळवून देणारे|राष्ट्रपिता,महात्मा गांधी,यांना जयंतीदिनी|विनम्र अभिवादन!,"Painted portrait of Mahatma Gandhi in white shawl and round glasses",2,,left
dussehra-2026,2026-10-20,दसरा,Dussehra (Vijayadashami),greeting,सोनं घ्या|सोन्यासारखं राहा!,विजयादशमी,दसऱ्याच्या हार्दिक शुभेच्छा!,"Golden aapta leaves (sona), decorated kalash with marigold and a small brass diya, toran at the top",3,VERIFY DATE with panchang,center
dhanteras-2026,2026-11-06,धनत्रयोदशी,Dhanteras,greeting,कुबेराची धनसंपदा आणि धन्वंतरीची आरोग्यसंपदा|तुमच्यावर सदैव प्रसन्न राहो…,धनत्रयोदशी,धनत्रयोदशीच्या हार्दिक शुभेच्छा!,"Decorated copper kalash full of gold coins with lit diyas, marigold garlands at the sides",3,VERIFY DATE with panchang,center
diwali-2026,2026-11-08,दिवाळी,Diwali (Lakshmi Pujan),greeting,दीपावलीच्या,मंगलमय,हार्दिक शुभेच्छा!,"Traditional Maharashtrian wada at night with diyas, rangoli, akash kandil lanterns and fireworks",4,VERIFY DATE with panchang,right
bhaubeej-2026,2026-11-11,भाऊबीज,Bhaubeej,greeting,भावा-बहिणीच्या अतूट नात्याचा सण,भाऊबीज,भाऊबीजेच्या हार्दिक शुभेच्छा!,"Decorated aarti thali with diya, kumkum, rice and sweets on a wooden pat with rangoli, warm evening light",3,VERIFY DATE with panchang,right
mahaparinirvan-din-2026,2026-12-06,महापरिनिर्वाण दिन,Mahaparinirvan Din,solemn,भारतीय राज्यघटनेचे शिल्पकार|भारतरत्न डॉ.,बाबासाहेब आंबेडकर,यांना महापरिनिर्वाण दिनी|विनम्र अभिवादन!,"Painted portrait of Dr. Babasaheb Ambedkar in blue suit and glasses",3,Solemn - no leader photo,left
republic-day-2027,2027-01-26,प्रजासत्ताक दिन,Republic Day,greeting,भारतीय संविधानाचा गौरव|लोकशाहीचा उत्सव,प्रजासत्ताक दिन,प्रजासत्ताक दिनाच्या हार्दिक शुभेच्छा!,"Indian tricolor flag waving with Ashoka chakra motif, marigold flowers at the sides, light sky",3,,center
shiv-jayanti-2027,2027-02-19,शिवजयंती,Shiv Jayanti,tribute,हिंदवी स्वराज्याचे संस्थापक|रयतेचे राजे,छत्रपती शिवाजी महाराज,यांना जयंतीनिमित्त|मानाचा मुजरा!,"Painted portrait of Chhatrapati Shivaji Maharaj with saffron flag and Sahyadri fort",3,Client decides: 19 Feb or tithi date,left
navratri-2026,2026-10-11,नवरात्रोत्सव,Navratri (Ghatasthapana),greeting,आई जगदंबेच्या कृपेने|सर्वांचे जीवन मंगलमय होवो…,नवरात्रोत्सव,नवरात्रोत्सवाच्या हार्दिक शुभेच्छा!,"Decorated ghatasthapana kalash with mango leaves, coconut in red cloth, sprouting grain and a lit brass diya",3,VERIFY DATE with panchang,center
ganesh-chaturthi-2027,2027-09-04,गणेश चतुर्थी,Ganesh Chaturthi,greeting,सुखकर्ता दुःखहर्ता|विघ्नहर्ता श्री गणेश,गणेश चतुर्थी,गणेशोत्सवाच्या हार्दिक शुभेच्छा!,"Devotional Lord Ganesha idol on a golden throne with modak and diyas, marigold garlands at the sides",4,VERIFY DATE with panchang,center
